{"cameraMode":{"drawMode":0,"name":"Shaded","section":"Shading Mode"},"sceneLighting":true,"audioPlay":false,"sceneViewState":{"m_AlwaysRefresh":false,"showFog":true,"showSkybox":true,"showFlares":true,"showImageEffects":true,"showParticleSystems":true,"showVisualEffectGraphs":true,"m_FxEnabled":true},"in2DMode":false,"pivot":{"x":34.61490249633789,"y":102.26461029052735,"z":29.075599670410158},"rotation":{"x":0.002938769292086363,"y":-0.9970820546150208,"z":0.06351203471422196,"w":0.04746299237012863},"size":3.9865410327911379,"orthographic":false}