{"cameraMode":{"drawMode":0,"name":"Shaded","section":"Shading Mode"},"sceneLighting":false,"audioPlay":false,"sceneViewState":{"m_AlwaysRefresh":false,"showFog":true,"showSkybox":false,"showFlares":true,"showImageEffects":true,"showParticleSystems":true,"showVisualEffectGraphs":true,"m_FxEnabled":true},"in2DMode":false,"pivot":{"x":137.3836669921875,"y":102.9789810180664,"z":118.68365478515625},"rotation":{"x":-0.001298902672715485,"y":-0.9389872550964356,"z":0.005498130340129137,"w":-0.3450073003768921},"size":2.585047960281372,"orthographic":false}